name,age,street,city,state,zip,lng,lat
Juan Henderson,70,314 Johnston Pine,Lake Elizabethton,Montana,80498,-66.110491,13.9088395
Christopher Becker,46,171 Michelle Branch Apt. 253,Andrewton,Texas,77027,-85.662816,87.893525
Joseph Delgado,77,771 Horne Ferry Suite 787,Mooretown,Idaho,46500,-58.083436,-28.560389
Justin Owens,21,242 Nicole Crossroad Apt. 208,East Omar,Missouri,05246,-2.251244,14.322541
Robert Harris,73,5945 Cheryl Vista Suite 187,Jasonstad,Nevada,30805,-166.650078,-42.389466
Dr. Joseph Stokes PhD,32,04268 Gilbert Vista Suite 277,Ruizberg,Minnesota,17108,66.582027,61.055819
Amanda Diaz,55,993 Lee Bypass Suite 744,Lake Angela,New Mexico,78195,-82.284952,-31.967741
Jodi Randall,44,52154 William Greens Suite 765,Port Sharonstad,Alabama,49609,-27.807087,28.7137065
Amber Reid,77,4572 Stein Groves,Kruegerbury,Oregon,44020,-80.733591,-69.8993335
Michael Webb,32,3197 Gabriela Camp Apt. 179,Harveyside,Nebraska,35633,-72.490793,-10.6487725
Thomas Obrien,48,018 Trujillo Extensions,Vincentport,Wyoming,81424,41.910171,41.1628745
Ronald Reed,57,4183 Eric Squares,Stephaniestad,Louisiana,54201,101.843590,-18.422120
Danielle Costa,43,94237 Mark Port Suite 151,Port Lindahaven,North Carolina,43086,173.765659,-16.260263
Danielle Mann,68,880 Rodriguez Summit Apt. 635,East Phyllis,Montana,19556,6.492303,20.5005165
Tracy Lawson,50,8318 Brittany Hollow,North Justinton,South Dakota,82400,120.263544,75.855489
Mary Jones,58,80137 Matthew Ridges Apt. 748,West Christopher,Arkansas,23130,-99.079196,13.409937
Garrett Clark,80,668 Andrea Shoal Apt. 802,Moranville,Utah,42110,-105.550391,85.2171955
Christina Brown,35,23131 James Plaza Suite 003,East Steve,Louisiana,86424,58.167224,-81.164128
Jason Dudley,69,235 Ross Drives,Abbottchester,Tennessee,76952,-46.277852,-44.7627615
Shannon Gomez,78,30447 Brian Gardens,Katieton,Pennsylvania,59518,-104.779130,79.6074115
John Glenn,29,41345 Laura Causeway Apt. 019,New Jacob,Florida,94007,-67.911946,-25.1018465
Martha Benson,60,15193 Anderson Glens,Port Jordanmouth,California,71510,-73.197852,53.2857885
Brandon Pham,32,7458 Hensley Lake Suite 491,Richardport,Wyoming,26972,-137.504479,36.9539345
Michael Zimmerman,35,9761 Felicia Mountain Apt. 893,Port Brittanymouth,Kansas,21157,-131.696068,-81.5647685
Erika Sherman,61,64078 Anderson Trail,Phillipsshire,Pennsylvania,74916,-22.683785,-59.475196
Cynthia Williams,18,204 Kirk Field,Ryanstad,South Dakota,82940,96.444636,79.716072
Daniel Mitchell,22,36261 Elliott Hills,Kimchester,Minnesota,32631,-28.437124,-2.198261
James Johnson,65,6244 Black Ridges,East Misty,Kentucky,77506,62.826730,-3.808376
Heather Day,24,59708 Brian Turnpike,Macktown,California,00960,-56.459241,31.3626945
Manuel Hall,52,79806 Zoe Road Suite 809,Ruizhaven,North Dakota,87140,18.073795,-59.9003285
Marcus Williams,46,90990 Michael Drives Apt. 106,Michellefurt,Rhode Island,41753,-139.616966,28.934036
Mark Kirk,59,6890 Scott Trace,South Lynn,Arizona,32173,-48.149025,-70.1017965
Rodney Pierce,39,435 Eric Loaf,Christinaberg,Massachusetts,12744,171.270992,49.585763
Misty Montgomery,75,9146 Shawn Parks,Lake Jasonstad,Ohio,30879,-71.354131,51.0863555
Jeffery Hunter,23,1933 Price Spurs Suite 997,South Jasonmouth,Kansas,87939,-158.219113,-83.3764825
Michael Savage,37,221 Keller Square Suite 667,South Brooke,Washington,93015,62.219691,34.1017655
John Clark,57,385 Patricia Harbors Suite 232,Mendeztown,Alaska,62284,-40.940080,-40.000225
David Snyder,35,323 Miller Ford,New Rodney,Pennsylvania,52516,67.998514,14.8724735
Mary Berry,66,80847 Wolfe Flats Suite 355,South Aaron,Tennessee,06597,40.828649,-73.029774
Dana Miller,57,4004 Smith Parkways Apt. 731,South Megan,West Virginia,22441,112.411565,-49.9677845
Dr. William Allen,57,19482 Darrell Court Apt. 624,East Christinaton,New Hampshire,21082,-29.549374,2.0372645
James Rice,59,4042 Dawn Stravenue,Lake Elijahmouth,Delaware,95282,115.883605,46.829235
Julie Hill,66,27413 Jonathan Brooks Suite 724,Tylerville,Vermont,03107,77.023998,50.530033
Michael Deleon,40,1351 Moreno Flats,Baileyfort,Kentucky,91547,-6.137088,-20.774654
Kevin Hernandez MD,28,45913 Burgess Corner,Port Allenland,Alabama,46128,-126.601599,-43.793205
Amy Sellers,26,03040 Avery Branch Apt. 127,South Nicholas,Ohio,12696,178.564077,16.615402
Steven Wright,31,5748 Herrera Estates,North Michaelfort,Missouri,45977,-54.510026,40.6098555
Sara White,18,4276 Richard Fords Apt. 393,Pricefurt,Alabama,91631,-82.111421,67.710672
Lauren Brown,42,845 Stewart Mission Apt. 804,Lake Patriciashire,Missouri,62397,-117.329294,-70.1873895
Christopher Cobb,68,7323 Ayala Bypass Suite 496,Danielhaven,Wisconsin,41570,75.361101,69.158122
Martha Roy,25,715 Hurley Field,West Eugene,Connecticut,11643,-48.782911,20.685614
Emily Rogers,41,729 Robert Rapids,Beckerville,Connecticut,15713,-131.196701,-3.414424
Jason Clark,76,03008 Sierra Mews Apt. 629,East Richardhaven,North Carolina,24254,-69.854396,-8.295709
Regina Turner,36,9459 Gardner Tunnel,Leeview,Michigan,28318,-1.052019,-33.7555645
Holly Jackson,31,29749 Summers Dale,West Mary,Delaware,81416,137.792426,17.433021
Traci Garcia,30,359 Mason Glen Suite 069,Lake Laura,Alabama,34530,72.144471,86.457872
Shari Cole,57,268 Erika Lights,South Brian,Pennsylvania,43443,84.205356,69.776999
Miss Barbara Gonzalez,78,26891 Barton Keys Apt. 503,Jacobmouth,Arkansas,29941,51.016196,52.0424745
Bradley Sanchez,38,69138 Mary Falls,Taylorland,Georgia,98781,74.114628,57.1093555
Robert Lee,56,621 Cummings Lock Suite 713,New Lee,Massachusetts,22411,-23.339864,-31.590373
Terri Craig,27,70828 Marc Plains Apt. 360,Edwardsberg,Kentucky,70773,71.735611,84.181728
Sarah Wilson,40,78160 Patricia Mount Apt. 904,Smithland,Connecticut,19078,146.130763,78.6517895
Curtis Smith,34,44671 Taylor Meadows Suite 159,Lake Erictown,Nebraska,27347,-36.218056,65.793745
Christine Bowers,39,342 Rodriguez Well,North Michael,Nevada,54248,-174.726988,-4.106421
Scott Holland,77,6465 Sean Tunnel,Carmenview,Alaska,09224,84.865136,-22.6048725
Jason Ellis,31,15228 Tyler Groves,Lake Jonathanton,Oregon,79850,-120.927286,-44.171071
Mark Davis,62,710 Chandler Flat Apt. 640,Jordanbury,Idaho,86909,171.491200,-82.6735195
James Barnes,50,53825 Avery Glens,Lake Catherineberg,Tennessee,21370,-33.879651,-17.1380575
Kelsey Nelson,42,64224 Derrick Fall Apt. 555,Turnerborough,Indiana,63467,48.758038,-21.0923035
Jonathan Horne,43,557 James Meadow,Lake Thomas,Wisconsin,84680,54.619491,-85.127310
Tammy Yang,35,744 Olsen Motorway Suite 277,Wendyfort,North Carolina,40732,167.876536,88.9626775
David Gonzalez,59,15509 Anna Trafficway Suite 211,Perryton,Maryland,16615,131.277969,38.7011905
Lauren Thomas,75,213 Mcneil Common,Port Donna,Rhode Island,73032,-18.078895,68.1240045
Andrew Fox,19,2804 Timothy Garden,Toddborough,West Virginia,10126,46.723058,-67.468115
Jason Weeks,67,2025 White Mill,New Jennifer,New Hampshire,48085,124.969467,-56.464533
Steven Terrell,27,8610 Gary Wells Suite 560,East Kimberlyport,New York,89064,-143.277520,-40.456603
Jeffery Melendez,62,642 Kevin Freeway,Michaelville,Kentucky,07355,123.699735,26.328674
Kathryn Baker,67,471 Gonzalez Ways,Lake Sarahfort,Arizona,84147,-149.507483,41.5379945
Sharon Griffin,60,40808 Matthews Trafficway,Choitown,South Dakota,48227,47.190669,75.097000
Samantha Miller,24,2880 Nathan Ridges Suite 730,South Robertfort,North Carolina,55229,38.095331,41.872883
Mr. Jon Nelson MD,52,646 Anna Meadows Apt. 400,West Rhondafurt,Oregon,01467,86.114153,24.1575725
Jorge Ferguson,52,5467 Michael Keys,South Sarahmouth,Delaware,98894,90.919653,37.3384215
Leonard Brown,58,00688 Robert Fields Suite 088,Washingtonmouth,Idaho,80654,27.349573,-85.499879
Katelyn Williams,76,494 Michael Harbors Apt. 631,Port Darryl,Florida,05020,-39.997027,-5.790753
Walter Rodriguez,38,8611 Brown Forge Apt. 270,Ashleymouth,Wisconsin,97652,-131.485398,20.680008
William Williams,31,6218 Benjamin Centers Apt. 982,Darrenton,Indiana,36953,-123.417715,-78.7012495
Melissa Wright,31,702 Karen Track,Angelaborough,Missouri,74745,112.221869,-1.754663
Christopher Wagner,46,19521 Cruz Square,Port Laurabury,Oklahoma,94913,35.247412,-29.2245155
Julie Sullivan,23,2465 Richards Cove Suite 268,West Monica,Florida,47063,76.665073,-79.605907
Matthew Mason,61,61135 Johnson Landing Apt. 132,New Michellehaven,Arizona,47975,95.514235,38.7630175
Crystal Cunningham MD,18,07790 Berry Rue Apt. 988,West Nicholas,Wyoming,98917,-168.373825,-50.6895735
Jacob Morrison,65,740 Pineda Crescent,Brendashire,Georgia,95885,42.179028,56.544370
Scott Robinson,27,991 Yates Lock,New Kristiberg,Louisiana,31360,-169.814145,66.914984
Jenny Davis,31,6473 Morton Overpass Apt. 768,Heidimouth,Oklahoma,00942,10.677113,44.351877
John Mullins,37,181 Daniel Path Apt. 316,Samanthastad,Nebraska,11203,-176.233575,16.345538
Miss Savannah Shelton DDS,71,8305 Miller Club Apt. 716,East Jose,Alaska,66708,147.271023,-21.1209505
Christina Cummings,23,71406 Berg Isle Suite 156,East Tanyashire,Florida,88254,13.268861,-51.901533
Luis Ho,34,901 Harmon Locks,Jacksonmouth,North Dakota,85387,-10.385335,-52.070048
Maria Rubio,70,9660 Carolyn Mount,Walterville,New Jersey,66263,176.875498,26.2612165
Robert Brown,40,05878 Duran Ridges Suite 247,Bryanview,Massachusetts,94481,-132.327575,-21.6230795
